,fao_area,isscaap_code,isscaap_group,asfis_code,common_name,species_name,location,status_year,tier,status,uncertainty,assessment_update,data_owner,data_provider,operational_data_process,source_citation,source_citation_url,grsf_short_name,grsf_stock_id,grsf_semantic_id,data_provider_stock_id,unit_update,subarea_description,assessment_method,assessment_description,status_basis,BdivBref,B_refpt,FdivFref,F_refpts,status_text,comments,sosi_temp_id,sdg_id,sosi_record_type
0,fao:31,52,"""Abalones, winkles, conchs""",COO,Queen conch,Aliger gigas,Area 31 Honduras,2023,2,U,H,yes,FAO,FAO,FAO-SoSI,"Sharma, R., Barange, M., Agostini, V., Barros, P., Gutierrez, N.L., Vasconcellos, M., Fernandez Reguera, D., Tiffay, C., & Levontin, P., eds. 2025. Review of the state of world marine fishery resources – 2025. FAO Fisheries and Aquaculture Technical Paper, No. 721. Rome. FAO.",https://doi.org/10.4060/cd5538en,Queen conch - Honduras,4637ae90-5ab9-354f-b9b9-c1636bb786f3,asfis:COO+fao:31,,False,,Surplus production,JABBA with FAO landings and regional effort from Rousseau et al. 2019 extended to 2023,B,1.62,Bmsy,0.45,Fmsy,Underexploited,,sosi_306,,SoSIndex
1,fao:31,52,"""Abalones, winkles, conchs""",COO,Queen conch,Aliger gigas,Dominican Republic,2023,2,U,H,yes,FAO,FAO,FAO-SoSI,"Sharma, R., Barange, M., Agostini, V., Barros, P., Gutierrez, N.L., Vasconcellos, M., Fernandez Reguera, D., Tiffay, C., & Levontin, P., eds. 2025. Review of the state of world marine fishery resources – 2025. FAO Fisheries and Aquaculture Technical Paper, No. 721. Rome. FAO.",https://doi.org/10.4060/cd5538en,Queen conch - Dominican Republic,d390a91b-d5fa-3d25-8efd-676c2b44c5fd,asfis:COO+wja:DOM,,False,,Surplus production,JABBA with FAO landings and regional effort from Rousseau et al. 2019 extended to 2023,B,1.86,Bmsy,0.12,Fmsy,Underexploited,,sosi_338,,SoSIndex
2,fao:31,52,"""Abalones, winkles, conchs""",COO,Queen conch,Aliger gigas,Belize,2023,2,U,H,yes,BLZ,National,FAO-SDG1441,"Sharma, R., Barange, M., Agostini, V., Barros, P., Gutierrez, N.L., Vasconcellos, M., Fernandez Reguera, D., Tiffay, C., & Levontin, P., eds. 2025. Review of the state of world marine fishery resources – 2025. FAO Fisheries and Aquaculture Technical Paper, No. 721. Rome. FAO.",https://doi.org/10.4060/cd5538en,Queen conch - Belize,25562779-372e-38c3-92f8-344b438f9507,asfis:COO+eez:BLZ,,False,,Surplus production,Jabba with FAO landings local effort data series 1996-2011,B,1.51,Bmsy,0.5,Fmsy,Underexploited,,sosi_301,sdg-blz-1,SoSIndex
3,fao:31,52,"""Abalones, winkles, conchs""",COO,Queen conch,Aliger gigas,The Bahamas,2023,2,U,H,yes,FAO,FAO,FAO-SoSI,"Sharma, R., Barange, M., Agostini, V., Barros, P., Gutierrez, N.L., Vasconcellos, M., Fernandez Reguera, D., Tiffay, C., & Levontin, P., eds. 2025. Review of the state of world marine fishery resources – 2025. FAO Fisheries and Aquaculture Technical Paper, No. 721. Rome. FAO.",https://doi.org/10.4060/cd5538en,Queen conch - Bahamas,b635fabd-ef71-3b3a-a15e-cee0d889207c,asfis:COO+wja:BHS,,False,,Surplus production,JABBA with FAO landings and local CPUE data series 1988-2012,B,1.62,Bmsy,0.14,Fmsy,Underexploited,,sosi_296,,SoSIndex
4,fao:31,52,"""Abalones, winkles, conchs""",COO,Queen conch,Aliger gigas,Area 31 Nicaragua,2023,2,U,H,yes,FAO,FAO,FAO-SoSI,"Sharma, R., Barange, M., Agostini, V., Barros, P., Gutierrez, N.L., Vasconcellos, M., Fernandez Reguera, D., Tiffay, C., & Levontin, P., eds. 2025. Review of the state of world marine fishery resources – 2025. FAO Fisheries and Aquaculture Technical Paper, No. 721. Rome. FAO.",https://doi.org/10.4060/cd5538en,Queen conch - Nicaragua,9d7a728c-1cac-3bb9-8beb-98fde2bc8ba9,asfis:COO+fao:31,,False,,Surplus production,JABBA with FAO landings and local effort data series 2007-2023,B,1.51,Bmsy,0.34,Fmsy,Underexploited,,sosi_303,,SoSIndex
5,fao:31,52,"""Abalones, winkles, conchs""",COO,Queen conch,Aliger gigas,Jamaica,2023,2,U,H,yes,FAO,FAO,FAO-SoSI,"Sharma, R., Barange, M., Agostini, V., Barros, P., Gutierrez, N.L., Vasconcellos, M., Fernandez Reguera, D., Tiffay, C., & Levontin, P., eds. 2025. Review of the state of world marine fishery resources – 2025. FAO Fisheries and Aquaculture Technical Paper, No. 721. Rome. FAO.",https://doi.org/10.4060/cd5538en,Queen conch - Jamaica,fa8e5c9f-769a-3eb5-a0c8-57562c457007,asfis:COO+wja:JAM,,False,,Surplus production,JABBA with FAO landings and survey biomass 1994-2018,B,1.9,Bmsy,0.06,Fmsy,Underexploited,,sosi_297,,SoSIndex
6,fao:31,52,"""Abalones, winkles, conchs""",COO,Queen conch,Aliger gigas,Area 31 Mexico,2023,2,M,H,yes,FAO,FAO,FAO-SoSI,"Sharma, R., Barange, M., Agostini, V., Barros, P., Gutierrez, N.L., Vasconcellos, M., Fernandez Reguera, D., Tiffay, C., & Levontin, P., eds. 2025. Review of the state of world marine fishery resources – 2025. FAO Fisheries and Aquaculture Technical Paper, No. 721. Rome. FAO.",https://doi.org/10.4060/cd5538en,Queen conch - Mexico,40a79c0f-6804-3227-811f-b72243f86c7b,asfis:COO+fao:31.2.2,,False,,Surplus production,JABBA with FAO landings and local CPUE data series 1989-2022,B,1.2,Bmsy,0.23,Fmsy,Maximally sustainably fished,,sosi_298,,SoSIndex
7,fao:31,52,"""Abalones, winkles, conchs""",COO,Queen conch,Aliger gigas,Puerto Rico,2023,2,U,H,yes,FAO,FAO,FAO-SoSI,"Sharma, R., Barange, M., Agostini, V., Barros, P., Gutierrez, N.L., Vasconcellos, M., Fernandez Reguera, D., Tiffay, C., & Levontin, P., eds. 2025. Review of the state of world marine fishery resources – 2025. FAO Fisheries and Aquaculture Technical Paper, No. 721. Rome. FAO.",https://doi.org/10.4060/cd5538en,Queen conch - Puerto Rico,d0462941-2e5b-3d70-8489-69714955242c,asfis:COO+wja:PRI,,False,,Surplus production,JABBA with FAO landings and local CPUE data series 1992-2005,B,1.73,Bmsy,0.48,Fmsy,Underexploited,,sosi_299,,SoSIndex
8,fao:31,52,"""Abalones, winkles, conchs""",COO,Queen conch,Aliger gigas,Turks and Caicos,2023,2,U,H,yes,TCA,National,FAO-SoSI,"Sharma, R., Barange, M., Agostini, V., Barros, P., Gutierrez, N.L., Vasconcellos, M., Fernandez Reguera, D., Tiffay, C., & Levontin, P., eds. 2025. Review of the state of world marine fishery resources – 2025. FAO Fisheries and Aquaculture Technical Paper, No. 721. Rome. FAO.",https://doi.org/10.4060/cd5538en,Queen conch - Turks and Caicos,b1161c0d-b6d9-322e-908d-cbd36f65cc6c,asfis:COO+eez:TCA,,False,,Surplus production,JABBA with FAO landings and local CPUE data 1974-2012,B,1.77,Bmsy,0.35,Fmsy,Underexploited,,sosi_302,,SoSIndex
9,fao:31,52,"""Abalones, winkles, conchs""",COO,Queen conch,Aliger gigas,USA Virgin islands,2021,2,M,H,yes,FAO,FAO,FAO-SoSI,"Sharma, R., Barange, M., Agostini, V., Barros, P., Gutierrez, N.L., Vasconcellos, M., Fernandez Reguera, D., Tiffay, C., & Levontin, P., eds. 2025. Review of the state of world marine fishery resources – 2025. FAO Fisheries and Aquaculture Technical Paper, No. 721. Rome. FAO.",https://doi.org/10.4060/cd5538en,Queen conch - US Virgin Islands,723859bc-03fe-34ba-821b-44517f0bf124,asfis:COO+wja:VIR,,False,,Surplus production,JABBA with FAO landings and local CPUE data series 1986-2005,B,1.2,Bmsy,0.63,Fmsy,Maximally sustainably fished,,sosi_300,,SoSIndex
10,fao:31,56,"""Clams, cockles, arkshells""",RQZ,Turkey wing,Arca zebra,Venezuela,2023,2,M,H,yes,FAO,FAO,FAO-SoSI,"Sharma, R., Barange, M., Agostini, V., Barros, P., Gutierrez, N.L., Vasconcellos, M., Fernandez Reguera, D., Tiffay, C., & Levontin, P., eds. 2025. Review of the state of world marine fishery resources – 2025. FAO Fisheries and Aquaculture Technical Paper, No. 721. Rome. FAO.",https://doi.org/10.4060/cd5538en,Turkey wing - Venezuela,0ae39225-e0e3-3bd3-a0a6-6410616e3544,asfis:RQZ+fao:31.6.1,,False,,Surplus production,JABBA with FAO landings and regional effort from Rousseau et al. 2019 extended to 2023,B,1.18,Bmsy,0.51,Fmsy,Maximally sustainably fished,,sosi_324,,SoSIndex
11,fao:31,33,Miscellaneous coastal fishes,SPH,Sheepshead,Archosargus probatocephalus,USA Florida east coast,2017,1,U,H,no,USA,National,FIRMS-WECAFC,Munyadero et al. 2017. An Assessment of the Status of Sheepshead in Florida Waters Through 2015. Florida Fish and Wildlife Conservation Commission. Fish and Wildlife Research Institute. 202 p.,https://myfwc.com/media/13330/sh17-update-final.pdf,Sheepshead - USA Florida east coast,c8161454-d0e6-3045-a048-8e28a35d3bf7,asfis:SPH+usa_fmc:SAFMC;usa_sw:FL,,False,,Integrated statistical assessment,Stock synthesis with data up to 2015,B,1.93,Bmsy,0.63,Fmsy,Underexploited,Landings and CPUE show no clear trends in the more recent period (2015-2023),sosi_151a,,SoSIndex
12,fao:31,33,Miscellaneous coastal fishes,SPH,Sheepshead,Archosargus probatocephalus,USA Florida west coast,2017,1,U,H,no,USA,National,FIRMS-WECAFC,Munyadero et al. 2017. An Assessment of the Status of Sheepshead in Florida Waters Through 2015. Florida Fish and Wildlife Conservation Commission. Fish and Wildlife Research Institute. 202 p.,https://myfwc.com/media/13330/sh17-update-final.pdf,Sheepshead - USA Florida west coast,76cd726e-96c4-35fa-94c0-5f156ee91f7e,asfis:SPH+usa_fmc:GFMC;usa_sw:FL,,False,,Integrated statistical assessment,Stock synthesis with data up to 2015,B,1.59,Bmsy,0.46,Fmsy,Underexploited,Landings and CPUE show no clear trends in the more recent period (2015-2023),sosi_151b,,SoSIndex
13,fao:31,33,Miscellaneous coastal fishes,SPH,Sheepshead,Archosargus probatocephalus,USA Louisiana waters,2023,1,U,L,yes,USA,National,FIRMS-WECAFC,"West et al. 2025. Assessment of Sheepshead Archosargus probatocephalus in Louisiana Waters
2025 Report. Office of Fisheries. Louisiana Department of Wildlife and Fisheries. 121 p.",https://www.wlf.louisiana.gov/assets/Resources/Publications/Stock_Assesments/Sheepshead/Shead_LA_2025.pdf,Sheepshead - USA Louisiana waters,cfaebe95-91b3-3b4c-b34e-33c3655f7d5f,asfis:SPH+usa_sw:LA,,False,,Integrated statistical assessment,Stock synthesis with data up to 2019,B,1.7,Bspr35,0.43,Fspr35,Underexploited,,sosi_151c,,SoSIndex
14,fao:31,33,Miscellaneous coastal fishes,TRG,Gray triggerfish,Balistes capriscus,USA Gulf of Mexico,2019,1,O,M,no,USA-NOAA,National,FAO-FSSI,"NOAA Fisheries 2020. An Interim Assessment for Gulf of Mexico Gray Triggerfish. Sustainable Fisheries Division
NOAA Fisheries - Southeast Fisheries Science Center. 10 p.",https://apps-st.fisheries.noaa.gov/sis/docServlet?fileAction=download&fileId=6668,Gray triggerfish Gulf of Mexico,95b52195-655f-32d4-a7dd-0b8dcc652698,asfis:TRG+usa_efh_gfmc:ReefFish,10062.0,False,,Integrated statistical assessment,Stock synthesis with data up to 2024,B,0.58,Bmsy,0.62,Fmsy,Overfished,,sosi_152,,SoSIndex
15,fao:31,35,"""Herrings, sardines, anchovies""",MHG,Gulf menhaden,Brevoortia patronus,USA Gulf of Mexico,2023,1,U,L,yes,USA,National,FIRMS-WECAFC,Schueller 2024. GDAR 04/SEDAR 97. Gulf Menhaden Stock Assessment. 2024 Update Assessment Report. 68 p,https://sedarweb.org/documents/sedar-97-gsmfc-menhaden-stock-assessment-report/,Gulf menhaden Gulf of Mexico,523ac12a-3bdc-3987-81ca-c9e1ce5d0194,asfis:MHG+usa_efh_gfmc:CoastalMigratoryPelagics,,False,,Statistical catch at age model,Beaufort assessment model (BAM),B,3.34,Bmsy,0.35,Fmsy,Underexploited,,sosi_162,,SoSIndex
16,fao:31,35,"""Herrings, sardines, anchovies""",MHA,Atlantic menhaden,Brevoortia tyrannus,Area 31 - USA Atlantic coast,2023,1,M,L,yes,USA,National,FIRMS-UW,ASMFC 2025. Atlantic menhaden stock assessment update. October 2025. 134 p.,https://asmfc.org/wp-content/uploads/2025/11/2025AtlMenhadenSingleSpeciesAssmtUpdate_October2025.pdf,Atlantic menhaden Atlantic,0c698b7b-fcfd-3ec6-b3c0-7dcd90dacf1c,asfis:MHA+usa_fmc:MAFMC;usa_fmc:NEFMC;usa_fmc:SAFMC,,False,,Statistical catch at age model,Beaufort assessment model (BAM),B,1.09,Bmsy,0.52,Fmsy,Maximally sustainably fished,,sosi_155,,SoSIndex
17,fao:31,42,"""Crabs, sea-spiders""",CRB,Blue crab,Callinectes sapidus,Area 31 Mexico,2023,2,U,H,yes,FAO,FAO,FAO-SoSI,"Sharma, R., Barange, M., Agostini, V., Barros, P., Gutierrez, N.L., Vasconcellos, M., Fernandez Reguera, D., Tiffay, C., & Levontin, P., eds. 2025. Review of the state of world marine fishery resources – 2025. FAO Fisheries and Aquaculture Technical Paper, No. 721. Rome. FAO.",https://doi.org/10.4060/cd5538en,Blue crab - Mexico Gulf of Mexico,77f638bf-8613-391c-bf14-b43a333b079e,asfis:CRB+mex_inapesca:CRB1;mex_inapesca:CRB2;mex_inapesca:CRB3;mex_inapesca:CRB4;mex_inapesca:CRB5,,False,,Surplus production,JABBA with FAO landings and regional effort from Rousseau et al. 2019 extended to 2023,B,1.36,Bmsy,0.52,Fmsy,Underexploited,,sosi_231,,SoSIndex
18,fao:31,42,"""Crabs, sea-spiders""",CRB,Blue crab,Callinectes sapidus,Venezuela,2023,2,U,H,yes,FAO,FAO,FAO-SoSI,"Sharma, R., Barange, M., Agostini, V., Barros, P., Gutierrez, N.L., Vasconcellos, M., Fernandez Reguera, D., Tiffay, C., & Levontin, P., eds. 2025. Review of the state of world marine fishery resources – 2025. FAO Fisheries and Aquaculture Technical Paper, No. 721. Rome. FAO.",https://doi.org/10.4060/cd5538en,Blue crab - Venezuela,1fef0f3f-3041-33b9-88f6-4ba627ed10ca,asfis:CRB+wja:VEN,,False,,Surplus production,JABBA with FAO landings and local CPUE series data 1984-1997,B,1.84,Bmsy,0.16,Fmsy,Underexploited,,sosi_232,,SoSIndex
19,fao:31,42,"""Crabs, sea-spiders""",CRB,Blue crab,Callinectes sapidus,USA Louisiana waters,2023,1,U,L,yes,USA,National,FIRMS-WECAFC,West et al. 2025. Update Assessment of Blue Crab in Louisiana Waters. 2025 Report. Office of Fisheries. Louisiana Department of Wildlife and Fisheries. 47 p.,https://www.wlf.louisiana.gov/assets/Resources/Publications/Stock_Assesments/Blue_Crab/LABC_Assessment_2025.pdf,Blue crab - USA Louisiana,ec06f75d-3eb6-3ceb-bc37-6b975c31866e,asfis:CRB+lme:5,,False,,Stage structured model,Collie-Sissenwine Catch survey analysis,B,1.41,Bmsy,0.7,Fmsy,Underexploited,,sosi_233,,SoSIndex
20,fao:31,38,"""Sharks, rays, chimaeras""",CCL,Blacktip shark,Carcharhinus limbatus,Area 31 North Atlantic,2018,1,M,M,no,USA-NOAA,National,FAO-FSSI,"SEDAR 2020. SEDAR 65. Atlantic Blacktip SharkStock Assessment Report. SEDAR, North Charleston SC. 438 pp.",https://sedarweb.org/documents/sedar-65-hms-atlantic-blacktip-shark-final-stock-assessment-report/,Blacktip shark Atlantic,f31bd113-41d1-3c75-93c5-bbbf8d28cf9d,asfis:CCL+usa_efh_ahms:BlacktipShark(AtlanticStock),11026.0,False,,Integrated statistical assessment,Stock synthesis with data up to 2018,B,1.16,Bmsy,0.52,Fmsy,Maximally sustainably fished,,sosi_226,,SoSIndex
21,fao:31,38,"""Sharks, rays, chimaeras""",CCP,Sandbar shark,Carcharhinus plumbeus,Area 31 North Atlantic,2017,1,O,H,no,USA-NOAA,National,FAO-FSSI,"SEDAR 2017. SEDAR 54. Stock Assessment Report. HMS Sandbar Shark. SEDAR, North Charleston. 128 p.",https://sedarweb.org/documents/sedar-54-final-assessment-report-hms-sandbar-shark/,Sandbar shark Atlantic,b27dc3de-9b65-3d3d-be2c-09a63369b9ac,asfis:CCP+usa_efh_ahms:SandbarShark,10676.0,False,,Integrated statistical assessment,Stock synthesis with data up to 2015,B,0.77,Bmsy,0.57,Fmsy,Overfished,,sosi_227,,SoSIndex
22,fao:31,33,Miscellaneous coastal fishes,ROB,Snooks(=Robalos) nei,Centropomus spp,Mexico Gulf of Mexico,2023,2,O,H,yes,FAO,FAO,FAO-SoSI,"Sharma, R., Barange, M., Agostini, V., Barros, P., Gutierrez, N.L., Vasconcellos, M., Fernandez Reguera, D., Tiffay, C., & Levontin, P., eds. 2025. Review of the state of world marine fishery resources – 2025. FAO Fisheries and Aquaculture Technical Paper, No. 721. Rome. FAO.",https://doi.org/10.4060/cd5538en,Snooks(=Robalos) nei - Mexico (Gulf of Mexico),459952b4-1e75-3b1a-b733-e3649aad43c4,asfis:ROB+fao:31.2.2,,False,,Surplus production,JABBA with local CPUE data series 1986-2008,B,0.75,Bmsy,1.43,Fmsy,Overfished,,sosi_127,,SoSIndex
23,fao:31,33,Miscellaneous coastal fishes,SNO,Common snook,Centropomus undecimalis,Venezuela,2023,2,M,H,yes,FAO,FAO,FAO-SoSI,"Sharma, R., Barange, M., Agostini, V., Barros, P., Gutierrez, N.L., Vasconcellos, M., Fernandez Reguera, D., Tiffay, C., & Levontin, P., eds. 2025. Review of the state of world marine fishery resources – 2025. FAO Fisheries and Aquaculture Technical Paper, No. 721. Rome. FAO.",https://doi.org/10.4060/cd5538en,Common snook - Venezuela,86d5fef0-7b48-39ff-a9fb-cd252b4ae39b,asfis:SNO+wja:VEN,,False,,Surplus production,JABBA with FAO landings and regional effort from Rousseau et al. 2019 extended to 2023,B,0.8,Bmsy,1.26,Fmsy,Maximally sustainably fished,,sosi_128a,,SoSIndex
24,fao:31,33,Miscellaneous coastal fishes,BSB,Black sea bass,Centropristis striata,Area 31 - USA Southeast,2023,1,O,L,yes,USA-NOAA,National,FAO-FSSI,"SEDAR 2025. Update Assessment of Black Sea Bass off the Southeastern United States. Southeast Fisheries Science Center
National Marine Fisheries Service. 159 p.",https://apps-st.fisheries.noaa.gov/sis/docServlet?fileAction=download&fileId=10393,Black sea bass South Atlantic,b9ea052f-50d0-344a-8a98-f745a7506330,asfis:BSB+usa_efh_safmc:SnapperGrouper,10310.0,False,,Statistical catch at age model,Beaufort assessment model (BAM),B,0.1,Bmsy,4.09,Fmsy,Overfished,,sosi_09,,SoSIndex
25,fao:31,37,Miscellaneous pelagic fishes,DOL,Common dolphinfish,Coryphaena hippurus,Area 31 Western Central Atlantic,2023,2,M,H,yes,FAO,WECAFC,FIRMS-WECAFC,"Sharma, R., Barange, M., Agostini, V., Barros, P., Gutierrez, N.L., Vasconcellos, M., Fernandez Reguera, D., Tiffay, C., & Levontin, P., eds. 2025. Review of the state of world marine fishery resources – 2025. FAO Fisheries and Aquaculture Technical Paper, No. 721. Rome. FAO.",https://doi.org/10.4060/cd5538en,Common dolphinfish - Western Tropical Atlantic,15445ce8-2bb1-3e43-a4ff-0debb4f5cad2,asfis:DOL+fao:31,,False,,Surplus production,JABBA with FAO landings and USA recreational harvest with local CPUE data series 1992-2023,B,0.88,Bmsy,0.52,Fmsy,Maximally sustainably fished,,sosi_203,,SoSIndex
26,fao:31,53,Oysters,OYA,American cupped oyster,Crassostrea virginica,USA Louisiana state,2023,1,M,L,yes,USA,National,FIRMS-WECAFC,LWF 2025. 2024 Stock Assessment Report of the Public Oyster Seed Grounds and Reservations of Louisiana Oyster Data Report Series No. 29. Louisiana Wildlife and Fisheries. 49 p.,https://www.wlf.louisiana.gov/assets/Resources/Publications/Stock_Assesments/Oyster/2024-Oyster-Stock-Assessment.pdf,American cupped oyster - Louisiana,71117f0c-b4e4-36ad-a61f-a319f901e908,asfis:OYA+usa_sw:LA,,False,,Abundance survey,Survey of juvenile and adult oysters,B,0.85,Bpa,,,Maximally sustainably fished,Biomass reference value is in relation to long term stock average abundance,sosi_314,,SoSIndex
27,fao:31,53,Oysters,OYA,American cupped oyster,Crassostrea virginica,Area 31 Mexico,2023,2,O,H,yes,FAO,FAO,FAO-SoSI,"Sharma, R., Barange, M., Agostini, V., Barros, P., Gutierrez, N.L., Vasconcellos, M., Fernandez Reguera, D., Tiffay, C., & Levontin, P., eds. 2025. Review of the state of world marine fishery resources – 2025. FAO Fisheries and Aquaculture Technical Paper, No. 721. Rome. FAO.",https://doi.org/10.4060/cd5538en,American cupped oyster - Mexico,17bcbbd8-b498-30c7-93e4-ca1920770e11,asfis:OYA+fao:31.2.2,,False,,Surplus production,JABBA with FAO landingsregional effort from Rousseau et al. 2019 extended to 2023,B,0.08,Bmsy,1.8,Fmsy,Overfished,,sosi_313,,SoSIndex
28,fao:31,33,Miscellaneous coastal fishes,SWF,Spotted weakfish,Cynoscion nebulosus,USA Mississippi waters,2017,1,M,M,no,USA,National,FIRMS-WECAFC,"Leaf, R. 2018. 2018 Stock Assessment Update for Spotted Seatrout, Cynoscion nebulosus, in Mississippi. Mississippi Department of Marine Resources.
Office of Marine Fisheries. 43 pp.",https://dmr.ms.gov/wp-content/uploads/2019/05/2018-spotted-seatrout-stock-assessment.pdf,Spotted weakfish - USA Mississippi,ebfd68d3-f7e6-34c9-9596-cef02f882ba1,asfis:SWF+lme:5,,False,,Statistical catch at age model,ASAP (Age structured assessment program),B,0.9,Bmsy,,,Maximally sustainably fished,,sosi_57,,SoSIndex
29,fao:31,33,Miscellaneous coastal fishes,SWF,Spotted weakfish,Cynoscion nebulosus,USA Louisiana waters,2020,1,O,L,no,USA,National,FIRMS-WECAFC,"West, J., X. Zhang, T. Allgood & J. Adriance. 2021. Update Assessment of Spotted Seatrout (Cynoscion nebulosus) in Louisiana WatersWest, J., X. Zhang, T. Allgood & J. Adriance. 2021. Update Assessment of Spotted Seatrout (Cynoscion nebulosus) in Louisiana Waters. 2021 Report . Louisiana Department of Wildlife and Fisheries. 121 pp.",https://www.wlf.louisiana.gov/assets/Resources/Publications/Stock_Assesments/Spotted_Seatrout/2021_Spotted_Seatrout_Assessment.pdf,Spotted weakfish - USA Louisiana,a8ca7b7a-0911-38d8-a77b-48f46194085c,asfis:SWF+lme:5,,False,,Statistical catch at age model,ASAP (Age structured assessment program),B,0.64,Bmsy,1.03,Fmsy,Overfished,,sosi_58,,SoSIndex
30,fao:31,33,Miscellaneous coastal fishes,SWF,Spotted weakfish,Cynoscion nebulosus,Mexico Gulf of Mexico,2023,2,O,H,yes,FAO,FAO,FAO-SoSI,"Sharma, R., Barange, M., Agostini, V., Barros, P., Gutierrez, N.L., Vasconcellos, M., Fernandez Reguera, D., Tiffay, C., & Levontin, P., eds. 2025. Review of the state of world marine fishery resources – 2025. FAO Fisheries and Aquaculture Technical Paper, No. 721. Rome. FAO.",https://doi.org/10.4060/cd5538en,Spotted weakfish - Mexico (Gulf of Mexico),9dfc7e62-9c5f-3654-a448-c296d4b3f563,asfis:SWF+fao:31.2.2,,False,,Surplus production,JABBA with FAO landings and regional effort from Rousseau et al. 2019 extended to 2023,B,0.27,Bmsy,2.14,Fmsy,Overfished,,sosi_56,,SoSIndex
31,fao:31,33,Miscellaneous coastal fishes,STG,Squeteague,Cynoscion regalis,Area 31 USA Atlantic coast,2023,1,O,H,yes,USA-ASMFC,National,FIRMS-WECAFC,ASMFC 2025. 2025 Weakfish Stock Assessment Update.,https://asmfc.org/wp-content/uploads/2025/08/WeakfishAssessmentUpdate_August2025.pdf,Squeteague - Southeastern Atlantic coast of USA,746e4c53-a53c-31a2-8068-e5c11237116e,asfis:STG+usa_fmc:MAFMC;usa_fmc:NEFMC;usa_fmc:SAFMC,,False,,Statistical catch at age model,Beaufort assessment model (BAM),B,0.31,Bmsy,1.01,Fmsy,Overfished,"Due to apparent changes in natural mortality recommendation was to carry out a benchmark assessment as soon as possible and to not consider this update assessment. However, the assessment team considered that the stock status had not changed from the previous assessment (overfished status)",sosi_55,,SoSIndex
32,fao:31,33,Miscellaneous coastal fishes,GPR,Red Grouper,Epinephelus morio,USA Gulf of Mexico,2023,1,M,L,yes,USA-NOAA,National,FAO-FSSI,"SEDAR 2025. SEDAR 88. Stock Assessment Report. Gulf of Mexico Red Grouper. North Charleston SC. 265 p,",https://sedarweb.org/documents/sedar-88-gulf-of-mexico-red-grouper-final-stock-assessment-report/,Red grouper - Gulf of Mexico USA waters,02fecfff-caa0-37b7-8f60-b1c9d21650a7,asfis:GPR+lme:5,10331.0,False,,Integrated statistical assessment,Stock Synthesis with data up to 2023,B,0.82,Bmsy,0.78,Fmsy,Maximally sustainably fished,,sosi_13,,SoSIndex
33,fao:31,33,Miscellaneous coastal fishes,GPR,Red Grouper,Epinephelus morio,Area 31 - USA Southeast,2017,1,O,H,no,USA,National,FIRMS-WECAFC,"SEDAR. 2017. SEDAR 53 – South Atlantic Red Grouper Assessment Report. SEDAR, North Charleston SC. 159 pp",https://sedarweb.org/documents/sedar-53-stock-assessment-report-south-atlantic-red-grouper/,Red grouper - Southeastern Atlantic coast of USA,bf686645-b5b8-34eb-a479-05e7c066b4d3,asfis:GPR+usa_efh_safmc:SnapperGrouper,,False,,Statistical catch at age model,Beaufort assessment model (BAM),B,0.29,Bmsy,1.5,Fmsy,Overfished,,sosi_14,,SoSIndex
34,fao:31,33,Miscellaneous coastal fishes,GPR,Red Grouper,Epinephelus morio,Mexican Gulf of Mexico,2020,1,O,L,yes,MEX,National,FIRMS-WECAFC,Medellín-Ortiz et al. 2025. Overcoming Data Limitations: Reliable Fisheries Assessment in ‘Data-Limited’ Scenarios 40 p.,https://papers.ssrn.com/sol3/Delivery.cfm/e64be6df-8194-48e3-bf5e-a68674960e99-MECA.pdf?abstractid=5193630&mirid=1,Red Grouper - Mexico (Gulf of Mexico),8d147707-2b60-3f88-b78b-ec60a6f29692,asfis:GPR+fao:31.2.2,,False,,Integrated statistical assessment,Stock Synthesis with data up to 2020,B,0.45,Bmsy,1.25,Fmsy,Overfished,,sosi_12,,SoSIndex
35,fao:31,37,Miscellaneous pelagic fishes,FFV,Fourwing flyingfish,Hirundichthys affinis,Eastern Caribbean,2023,2,U,H,yes,FAO,WECAFC,FIRMS-WECAFC,"Sharma, R., Barange, M., Agostini, V., Barros, P., Gutierrez, N.L., Vasconcellos, M., Fernandez Reguera, D., Tiffay, C., & Levontin, P., eds. 2025. Review of the state of world marine fishery resources – 2025. FAO Fisheries and Aquaculture Technical Paper, No. 721. Rome. FAO.",https://doi.org/10.4060/cd5538en,Fourwing flyingfish - Eastern Caribbean,69add940-f18a-3825-8fc8-56f499f2a114,asfis:FFV+eez:BRB;eez:DMA;eez:GRD;eez:LCA;eez:TTO;eez:VCT,,False,,Surplus production,JABBA with FAO landings in the eastern Caribbean and local CPUE data series 1988-2008,B,1.98,Bmsy,0.2,Fmsy,Underexploited,,sosi_204,sdg-brb-grd-lca-tto-vct-1,SoSIndex
36,fao:31,76,Sea-urchins and other echinoderms,JEY,Holothuriidae,Holothuriidae,Area 31 Nicaragua,2023,2,O,H,yes,FAO,FAO,FAO-SoSI,"Sharma, R., Barange, M., Agostini, V., Barros, P., Gutierrez, N.L., Vasconcellos, M., Fernandez Reguera, D., Tiffay, C., & Levontin, P., eds. 2025. Review of the state of world marine fishery resources – 2025. FAO Fisheries and Aquaculture Technical Paper, No. 721. Rome. FAO.",https://doi.org/10.4060/cd5538en,Holothuriidae - Nicaragua,9ad2bd51-aa39-3199-8fec-5685243c8de0,asfis:JEY+wja:NIC,,False,,Surplus production,JABBA with FAO landings and local CPUE data series 2007-2023,B,0.59,Bmsy,2.85,Fmsy,Overfished,,sosi_335,,SoSIndex
37,fao:31,33,Miscellaneous coastal fishes,EFV,Snowy grouper,Hyporthodus niveatus,Area 31 - USA Southeast,2018,1,O,M,no,USA-NOAA,National,FAO-FSSI,"SEDAR. 2020a. SEDAR 36 – South Atlantic Snowy Grouper Assessment Report. SEDAR, North Charleston SC. 117",https://sedarweb.org/documents/2020-update-sedar-36-update-assessment-report-south-atlantic-snowy-grouper-2/,Snowy grouper Southern Atlantic coast,0c7c8920-fd59-3150-b84d-1fd8fdb3bf6d,asfis:EFV+usa_efh_safmc:SnapperGrouper,10339.0,False,,Statistical catch at age,Beaufort assessment model,B,0.36,Bmsy,1.13,Fmsy,Overfished,,sosi_10,,SoSIndex
38,fao:31,33,Miscellaneous coastal fishes,EFV,Snowy grouper,Hyporthodus niveatus,USA Gulf of Mexico,9999,1,O,H,no,USA,National,FIRMS-SFP,"SEDAR. 2016. SEDAR 49, Stock Assessment Report. Gulf of Mexico Data-limited Species:Red Drum, Lane Snapper, Wenchman, Yellowmouth Grouper, SpeckledHind, Snowy Grouper, Almaco Jack, Lesser Amberjack. North Charleston, SC. 618 pp.",https://sedarweb.org/documents/sedar-49-final-stock-assessment-report-gulf-of-mexico-data-limited-species/,Snowy grouper - US Northern Gulf of Mexico,fabfc7f4-be60-32e1-b0d8-5d1c2f7e1c92,asfis:EFV+usa_fmc:GFMC,,False,,Data limited methods,DLM Tool,,,,,,Overfished,This stock unit may need to be classified as a tier 2 or excluded from list. Stock assessment used data-limited models and was conducted in 2016 with data up to 2014. No signs that NOAA will do a stock assessment anytime soon.,sosi_11,,SoSIndex
39,fao:31,36,"""Tunas, bonitos, billfishes""",SAI,Atlantic sailfish,Istiophorus albicans,Area 31 Western Atlantic,2021,1,M,L,yes,ICCAT,ICCAT,FIRMS-ICCAT,"ICCAT 2023. Report of the 2023 ICCAT Atlantic Sailfish Data Preparatory and Stock Assessment Meeting(Online, 5-10 June 2023)",https://iccat.int/Documents/SCRS/DetRep/SAI_DP_SA_ENG.pdf,Atlantic sailfish - West Atlantic,837bb81c-f508-3c2f-a728-7e457d1594ae,asfis:SAI+iccat:SAI_W,,False,,Surplus production and integrated statistical model,JABBA and Stock synthesis with data up to 2021,B,0.96,Bmsy,0.59,Fmsy,Maximally sustainably fished,,sosi_197,,SoSIndex
40,fao:31,36,"""Tunas, bonitos, billfishes""",WHM,White marlin,Kajikia albida,Area 31 Atlantic,2023,1,M,L,yes,ICCAT,ICCAT,FIRMS-ICCAT,"ICCAT 2025. Report of the 2025 ICCAT Atlantic White Marlin Stock Assessment Meeting (hybrid/ Madrid, Spain, 23-27 June 2025)",https://iccat.int/Documents/Meetings/Docs/2025/Reports/2025_WHM_SA_ENG.pdf,White marlin Atlantic,c8532edc-f6bf-35d0-8064-7207b3087bd7,asfis:WHM+iccat:WHM_ATL,,False,,Surplus production and integrated statistical model,JABBA and Stock synthesis with data up to 2023,B,0.8,Bmsy,0.19,Fmsy,Maximally sustainably fished,,sosi_199,,SoSIndex
41,fao:31,33,Miscellaneous coastal fishes,LJN,Mutton snapper,Lutjanus analis,USA South Atlantic and Gulf of Mexico,2023,1,U,L,yes,USA-NOAA,National,FAO-FSSI,"SEDAR 2024. SEDAR 79. Stock Assessment Report. Southeastern US Mutton Snapper. North Charleston, SC. 526 p.",https://apps-st.fisheries.noaa.gov/sis/docServlet?fileAction=download&fileId=9887,Mutton snapper Southern Atlantic coast and Gulf of Mexico,5c715c00-6540-3a73-b350-45605e109a95,asfis:LJN+esa_efh_gfmc:ReefFish;usa_efh_safmc:SnapperGrouper,11342.0,False,,Integrated statistical assessment,Stock Synthesis with data up to 2023,B,1.61,Bmsy,0.53,Fmsy,Underexploited,,sosi_86,,SoSIndex
42,fao:31,33,Miscellaneous coastal fishes,SNR,Red snapper,Lutjanus campechanus,Mexico Gulf of Mexico,2022,2,O,H,yes,FAO,FAO,FAO-SoSI,"Sharma, R., Barange, M., Agostini, V., Barros, P., Gutierrez, N.L., Vasconcellos, M., Fernandez Reguera, D., Tiffay, C., & Levontin, P., eds. 2025. Review of the state of world marine fishery resources – 2025. FAO Fisheries and Aquaculture Technical Paper, No. 721. Rome. FAO.",https://doi.org/10.4060/cd5538en,Northern red snapper - Mexico Gulf of Mexico,8ada5187-6164-3f0a-be6e-fe1076cb9b5f,asfis:SNR+mex_inapesca:SNR1,,False,,Surplus production,JABBA with FAO landings and local CPUE data series 1984-2003,B,0.46,Bmsy,3.21,Fmsy,Overfished,,sosi_91,,SoSIndex
43,fao:31,33,Miscellaneous coastal fishes,SNR,Red snapper,Lutjanus campechanus,USA Gulf of Mexico,2017,1,O,M,no,USA-NOAA,National,FAO-FSSI,SEDAR 2018. SEDAR 52. Stock Assessment Report- Gulf of Mexico red snapper. North Charleston SC. 434 p.,https://sedarweb.org/documents/sedar-52-gulf-of-mexico-red-snapper-final-stock-assessment-report/,Red snapper Gulf of Mexico,932ead78-05a2-36d5-b3f0-db883a05371c,asfis:SNR+usa_efh_gfmc:ReefFish,10230.0,False,,Integrated statistical assessment,Stock Synthesis with data up to 2016,B,0.7,Bmsy,0.82,Fmsy,Overfished,,sosi_92,,SoSIndex
44,fao:31,33,Miscellaneous coastal fishes,SNR,Red snapper,Lutjanus campechanus,Area 31 - USA Southeast,2019,1,O,M,no,USA-NOAA,National,FAO-FSSI,"SEDAR. 2021. SEDAR 73 South Atlantic Red Snapper- Stock Assessment Report. SEDAR, North Charleston SC. 194 pp",https://sedarweb.org/documents/sedar-73-stock-assessment-report-south-atlantic-red-snapper/,Red snapper Southern Atlantic coast,6f2b9a0c-0984-379b-80e6-3e96f3de2469,asfis:SNR+usa_efh_safmc:SnapperGrouper,10231.0,False,,Statistical catch at age,Beaufort assessment model,B,0.44,Bmsy,2.19,Fmsy,Overfished,,sosi_93,,SoSIndex
45,fao:31,33,Miscellaneous coastal fishes,LJI,Gray snapper,Lutjanus griseus,USA Gulf of Mexico,2020,1,U,L,yes,USA-NOAA,National,FAO-FSSI,"SEDAR 2022. SEDAR 75. Stock Assessment Report. Gulf of Mexico Gray Snapper. North Charleston, SC. 271 pp.",https://sedarweb.org/documents/sedar-75-gulf-of-mexico-gray-snapper-final-stock-assessment-report/,Gray snapper Gulf of Mexico,ed6ca098-34c3-3ccc-b27b-b29cb6e57dd4,asfis:LJI+usa_efh_gfmc:ReefFish,10221.0,False,,Integrated statistical assessment,Stock Synthesis with data up to 2020,B,1.6,Bmsy,0.66,Fmsy,Underexploited,,sosi_85,,SoSIndex
46,fao:31,33,Miscellaneous coastal fishes,SNL,Lane snapper,Lutjanus synagris,Cuba,2023,2,U,H,yes,FAO,FAO,FAO-SoSI,"Sharma, R., Barange, M., Agostini, V., Barros, P., Gutierrez, N.L., Vasconcellos, M., Fernandez Reguera, D., Tiffay, C., & Levontin, P., eds. 2025. Review of the state of world marine fishery resources – 2025. FAO Fisheries and Aquaculture Technical Paper, No. 721. Rome. FAO.",https://doi.org/10.4060/cd5538en,Lane snapper - Cuba,ffb6b7fa-5f56-3f61-9b8c-79d0c733e6c6,asfis:SNL+wja:CUB,,False,,Surplus production,JABBA with FAO landings and local effort data series 1981-2014,B,1.74,Bmsy,0.16,Fmsy,Underexploited,,sosi_122a,,SoSIndex
47,fao:31,33,Miscellaneous coastal fishes,SNL,Lane snapper,Lutjanus synagris,Area 31 Mexico,2023,2,O,H,yes,FAO,FAO,FAO-SoSI,"Sharma, R., Barange, M., Agostini, V., Barros, P., Gutierrez, N.L., Vasconcellos, M., Fernandez Reguera, D., Tiffay, C., & Levontin, P., eds. 2025. Review of the state of world marine fishery resources – 2025. FAO Fisheries and Aquaculture Technical Paper, No. 721. Rome. FAO.",https://doi.org/10.4060/cd5538en,Lane snapper - Mexico,fc18da04-4f7a-341e-91db-b163c0904c82,asfis:SNL+fao:31.2.2,,False,,Surplus production,JABBA with FAO landings and regional effort from Rousseau et al. 2019 extended to 2023,B,0.27,Bmsy,1.75,Fmsy,Overfished,,sosi_90,,SoSIndex
48,fao:31,36,"""Tunas, bonitos, billfishes""",BUM,Blue marlin,Makaira nigricans,Area 31 Atlantic,2022,1,O,L,yes,ICCAT,ICCAT,FIRMS-ICCAT,"ICCAT. 2024. Report of the ICCAT 2024 Atlantic Blue Marlin Stock Assessment Meeting(hybrid, Madrid, Spain, 17-21 June 2024)",https://iccat.int/Documents/SCRS/DetRep/BUM_SA_ENG.pdf,Blue marlin - Atlantic,e9d96077-6cb7-34c2-bf06-dc04e25dad89,asfis:BUM+iccat:BUM_ATL,,False,,Surplus production and integrated statistical model,JABBA and Stock synthesis with data up to 2022,B,0.67,Bmsy,0.91,Fmsy,Overfished,,sosi_196,,SoSIndex
49,fao:31,33,Miscellaneous coastal fishes,KGG,Gulf kingcroaker,Menticirrhus littoralis,Mexico Gulf of Mexico,2022,2,O,H,yes,FAO,FAO,FAO-SoSI,"Sharma, R., Barange, M., Agostini, V., Barros, P., Gutierrez, N.L., Vasconcellos, M., Fernandez Reguera, D., Tiffay, C., & Levontin, P., eds. 2025. Review of the state of world marine fishery resources – 2025. FAO Fisheries and Aquaculture Technical Paper, No. 721. Rome. FAO.",https://doi.org/10.4060/cd5538en,Gulf kingcroaker - Mexico (Gulf of Mexico),329f1ee3-1cac-382d-8fdc-202cfef89229,asfis:KGG+fao:31.2.2,,False,,Surplus production,JABBA with FAO landings and regional effort from Rousseau et al. 2019 extended to 2022,B,0.25,Bmsy,1.7,Fmsy,Overfished,,sosi_62,,SoSIndex
50,fao:31,33,Miscellaneous coastal fishes,KGG,Gulf kingcroaker,Menticirrhus littoralis,USA Gulf of Mexico,2023,2,U,H,yes,FAO,FAO,FAO-SoSI,"Sharma, R., Barange, M., Agostini, V., Barros, P., Gutierrez, N.L., Vasconcellos, M., Fernandez Reguera, D., Tiffay, C., & Levontin, P., eds. 2025. Review of the state of world marine fishery resources – 2025. FAO Fisheries and Aquaculture Technical Paper, No. 721. Rome. FAO.",https://doi.org/10.4060/cd5538en,Gulf kingcroaker - USA (Gulf of Mexico),207ecf7a-157e-3623-b2aa-7cb85e55b234,asfis:KGG+fao:31.2.1,,False,,Surplus production,JABBA with FAO landings and local CPUE data series 1991-2020,B,1.33,Bmsy,0.23,Fmsy,Underexploited,,sosi_63,,SoSIndex
51,fao:31,33,Miscellaneous coastal fishes,CKM,Whitemouth croaker,Micropogonias furnieri,Venezuela,2023,2,O,H,yes,FAO,FAO,FAO-SoSI,"Sharma, R., Barange, M., Agostini, V., Barros, P., Gutierrez, N.L., Vasconcellos, M., Fernandez Reguera, D., Tiffay, C., & Levontin, P., eds. 2025. Review of the state of world marine fishery resources – 2025. FAO Fisheries and Aquaculture Technical Paper, No. 721. Rome. FAO.",https://doi.org/10.4060/cd5538en,Whitemouth croaker - Venezuela,4bafaa97-1e4a-3e6b-b01c-40ff4ec53bcc,asfis:CKM+wja:VEN,,False,,Surplus production,JABBA with FAO landings and regional effort from Rousseau et al. 2020 extended to 2023,B,0.58,Bmsy,1.11,Fmsy,Overfished,,sosi_54,,SoSIndex
52,fao:31,33,Miscellaneous coastal fishes,MUF,Flathead grey mullet,Mugil cephalus,USA Florida west coast,9999,1,U,H,no,USA,National,FIRMS-WECAFC,"Chagaris, D., Addis, D. & Mahmoudi, B. 2014. The 2014 stock assessment update for striped mullet, Mugil cephalus, in Florida. Florida Fish and Wildlife Conservation Commission, 76 pp.",https://myfwc.com/media/13333/stripedmullet-assessment-2014-final.pdf,Flathead grey mullet - West coast of USA Florida,9abb0318-a741-3946-8fe9-008c96d5dde9,asfis:MUF+lme:5,,False,,Surplus production and integrated statistical model,ASPIC and stock synthesis with data up to 2013.,B,1.74,Bspr35,0.38,Fspr35,Underexploited,,sosi_04,,SoSIndex
53,fao:31,33,Miscellaneous coastal fishes,MUF,Flathead grey mullet,Mugil cephalus,USA Louisiana waters,2023,1,U,L,yes,USA,National,FIRMS-WECAFC,West et al. 2025. Assessment of Striped Mullet Mugil cephalus in Louisiana Waters. 2025 Report. Office of Fisheries. Louisiana Department of Wildlife and Fisheries. 118 pp.,https://www.wlf.louisiana.gov/assets/Resources/Publications/Stock_Assesments/Striped_Mullet/Smullet_LA_2025.pdf,Flathead grey mullet - USA Louisiana,7adc12b8-f93b-37a8-902e-6cdaee7c8ae4,asfis:MUF+lme:5,,False,,Integrated statistical assessment,Stock synthesis with data up to 2023,B,2.89,Bmsy,0.001,Fmsy,Underexploited,,sosi_05,,SoSIndex
54,fao:31,33,Miscellaneous coastal fishes,MUF,Flathead grey mullet,Mugil cephalus,USA Florida east coast,9999,1,U,H,no,USA,National,FIRMS-WECAFC,"Chagaris, D., Addis, D. & Mahmoudi, B. 2014. The 2014 stock assessment update for striped mullet, Mugil cephalus, in Florida. Florida Fish and Wildlife Conservation Commission, 76 pp.",https://myfwc.com/media/13333/stripedmullet-assessment-2014-final.pdf,Flathead grey mullet - East coast of USA Florida,4cb9df0e-db64-3ce7-8e06-50779bfd035d,asfis:MUF+lme:6,,False,,Surplus production and integrated statistical model,ASPIC and stock synthesis with data up to 2013.,B,1.74,Bspr35,0.41,Fspr35,Underexploited,,sosi_06,,SoSIndex
55,fao:31,33,Miscellaneous coastal fishes,MUF,Flathead grey mullet,Mugil cephalus,Mexico Gulf of Mexico,2022,2,U,H,yes,FAO,FAO,FAO-SoSI,"Sharma, R., Barange, M., Agostini, V., Barros, P., Gutierrez, N.L., Vasconcellos, M., Fernandez Reguera, D., Tiffay, C., & Levontin, P., eds. 2025. Review of the state of world marine fishery resources – 2025. FAO Fisheries and Aquaculture Technical Paper, No. 721. Rome. FAO.",https://doi.org/10.4060/cd5538en,Flathead grey mullet - Mexico,68788bdb-b539-32d3-beff-ee62dec72a7a,asfis:MUF+fao:31.2.2,,False,,Surplus production,JABBA with FAO landings and local CPUE data series 1975-2001,B,1.44,Bmsy,0.48,Fmsy,Underexploited,,sosi_02,,SoSIndex
56,fao:31,33,Miscellaneous coastal fishes,MUB,Lebranche mullet,Mugil liza,Venezuela,2023,2,M,H,yes,FAO,FAO,FAO-SoSI,"Sharma, R., Barange, M., Agostini, V., Barros, P., Gutierrez, N.L., Vasconcellos, M., Fernandez Reguera, D., Tiffay, C., & Levontin, P., eds. 2025. Review of the state of world marine fishery resources – 2025. FAO Fisheries and Aquaculture Technical Paper, No. 721. Rome. FAO.",https://doi.org/10.4060/cd5538en,Lebranche mullet - Venezuela,bff17db4-13b8-3102-8825-11a7d3669a65,asfis:MUB+wja:VEN,,False,,Surplus production,JABBA with FAO landings and regional effort from Rousseau et al. 2019 extended to 2023,B,0.8,Bmsy,1.06,Fmsy,Maximally sustainably fished,,sosi_51,,SoSIndex
57,fao:31,33,Miscellaneous coastal fishes,MKM,Gag grouper,Mycteroperca microlepis,USA Gulf of Mexico,2022,1,O,L,yes,USA-NOAA,National,FAO-FSSI,NOAA Fisheries 2023. Interim Analysis for Gulf of Mexico Gag Grouper. Gulf Fisheries Branch. Sustainable Fisheries Division. 39 p.,https://apps-st.fisheries.noaa.gov/sis/docServlet?fileAction=download&fileId=9195,Gag Gulf of Mexico,f84aedca-1253-3346-a787-04db84b3990c,asfis:MKM+usa_efh_gfmc:ReefFish,10348.0,False,,Integrated statistical assessment,Stock synthesis with data up to 2022,B,0.07,Bmsy,2.78,Fmsy,Overfished,,sosi_15,,SoSIndex
58,fao:31,33,Miscellaneous coastal fishes,MKM,Gag grouper,Mycteroperca microlepis,Area 31 - USA Southeast,2019,1,O,M,no,USA-NOAA,National,FAO-FSSI,"SEDAR. 2021. SEDAR 71 South Atlantic Gag Stock Assessment Report. SEDAR, North Charleston SC. 164 pp",https://sedarweb.org/documents/sedar-71-stock-assessment-report-south-atlantic-gag/,Gag Southern Atlantic coast,9729154b-6815-3d66-b8b0-f4f5858154aa,asfis:MKM+usa_efh_safmc:SnapperGrouper,10349.0,False,,Statistical catch at age,Beaufort assessment model,B,0.15,Bmsy,2.15,Fmsy,Overfished,,sosi_16,,SoSIndex
59,fao:31,33,Miscellaneous coastal fishes,MKH,Scamp,Mycteroperca phenax,USA Gulf of Mexico,2020,1,U,L,yes,USA,National,FIRMS-WECAFC,"SEDAR 2022. SEDAR 68 OA. Stock Assessment Report. Gulf of Mexico Scamp Grouper. North Charleston, SC. 231 pp.",https://sedarweb.org/documents/sedar-68oa-south-atlantic-scamp-operational-assessment-final-stock-assessment-report/,Scamp - Northern Gulf of Mexico,9d247ffb-73ad-3089-9750-92e6f581eade,asfis:MKH+usa_efh_gfmc:ReefFish,,False,,Integrated statistical assessment,Stock synthesis with data up to 2020,B,1.62,Bmsy,0.54,Fmsy,Underexploited,,sosi_36,,SoSIndex
60,fao:31,57,"""Squids, cuttlefishes, octopuses""",OQY;OCC,Mexican four-eyed octopus and common octopus,Octopus maya;Octopus vulgaris,Area 31 Mexico,2023,2,M,H,yes,FAO,FAO,FAO-SoSI,"Sharma, R., Barange, M., Agostini, V., Barros, P., Gutierrez, N.L., Vasconcellos, M., Fernandez Reguera, D., Tiffay, C., & Levontin, P., eds. 2025. Review of the state of world marine fishery resources – 2025. FAO Fisheries and Aquaculture Technical Paper, No. 721. Rome. FAO.",https://doi.org/10.4060/cd5538en,Mexican four-eyed octopus and common octopus - Mexico,e81e2ec3-509d-3184-af91-2250788980df,asfis:OCC;asfis:OQY+fao:31.2.2,,False,,Surplus production,JABBA with FAO landings and local CPUE data series 1995-2008,B,1.18,Bmsy,0.62,Fmsy,Maximally sustainably fished,,sosi_329,,SoSIndex
61,fao:31,33,Miscellaneous coastal fishes,SNY,Yellowtail Snapper,Ocyurus chrysurus,Area 31 - USA Southeast,2023,1,U,L,yes,USA-NOAA,National,FAO-FSSI,"SEDAR 2025. SEDAR 96. Stock Assessment Report. Southeastern US Yellowtail Snapper. Charleston, SC. 194 pp.",https://sedarweb.org/documents/sedar-96-southeastern-us-yellowtail-snapper-final-stock-assessment-report/,Yellowtail Snapper Southern Atlantic Coast and Gulf of Mexico,7a769a1d-b97f-3ecf-b337-81e4a163625d,asfis:SNY+esa_efh_gfmc:ReefFish;usa_efh_safmc:SnapperGrouper,11081.0,False,,Integrated statistical assessment,Stock Synthesis with data up to 2023,B,1.46,Bmsy,0.62,Fmsy,Underexploited,,sosi_97,,SoSIndex
62,fao:31,33,Miscellaneous coastal fishes,SNY,Yellowtail Snapper,Ocyurus chrysurus,Area 31 Mexico,2023,2,M,H,yes,FAO,FAO,FAO-SoSI,"Sharma, R., Barange, M., Agostini, V., Barros, P., Gutierrez, N.L., Vasconcellos, M., Fernandez Reguera, D., Tiffay, C., & Levontin, P., eds. 2025. Review of the state of world marine fishery resources – 2025. FAO Fisheries and Aquaculture Technical Paper, No. 721. Rome. FAO.",https://doi.org/10.4060/cd5538en,Yellowtail snapper - Mexico,a01c2e8a-d6a4-3d02-8221-fe6d92296561,asfis:SNY+mex_inapesca:SNR1,,False,,Surplus production,JABBA with FAO landings and regional effort from Rousseau et al. 2019 extended to 2023,B,1.09,Bmsy,3.2,Fmsy,Maximally sustainably fished,,sosi_98,,SoSIndex
63,fao:31,33,Miscellaneous coastal fishes,SNY,Yellowtail Snapper,Ocyurus chrysurus,Cuba,2023,2,U,H,yes,FAO,FAO,FAO-SoSI,"Sharma, R., Barange, M., Agostini, V., Barros, P., Gutierrez, N.L., Vasconcellos, M., Fernandez Reguera, D., Tiffay, C., & Levontin, P., eds. 2025. Review of the state of world marine fishery resources – 2025. FAO Fisheries and Aquaculture Technical Paper, No. 721. Rome. FAO.",https://doi.org/10.4060/cd5538en,Yellowtail Snapper - Cuba,9b967094-ae4f-3033-bdde-297a33ee2d44,asfis:SNY+wja:CUB,,False,,Surplus production,JABBA with FAO landings and local effort data series 1981-2014,B,1.96,Bmsy,0.01,Fmsy,Underexploited,,sosi_95,,SoSIndex
64,fao:31,33,Miscellaneous coastal fishes,SNY,Yellowtail Snapper,Ocyurus chrysurus,Venezuela,2023,2,O,H,yes,FAO,FAO,FAO-SoSI,"Sharma, R., Barange, M., Agostini, V., Barros, P., Gutierrez, N.L., Vasconcellos, M., Fernandez Reguera, D., Tiffay, C., & Levontin, P., eds. 2025. Review of the state of world marine fishery resources – 2025. FAO Fisheries and Aquaculture Technical Paper, No. 721. Rome. FAO.",https://doi.org/10.4060/cd5538en,Yellowtail Snapper - Venezuela,2452d752-db08-3201-a39b-e303f86007fa,asfis:SNY+wja:VEN,,False,,Surplus production,(JABBA) with FAO landings and  regional effort from Rousseau et al. 2019 extended to 2023,B,0.21,Bmsy,1.48,Fmsy,Overfished,,sosi_96,,SoSIndex
65,fao:31,35,"""Herrings, sardines, anchovies""",THA,Atlantic thread herring,Opisthonema oglinum,USA Gulf of Mexico,2023,2,U,H,yes,FAO,FAO,FAO-SoSI,"Sharma, R., Barange, M., Agostini, V., Barros, P., Gutierrez, N.L., Vasconcellos, M., Fernandez Reguera, D., Tiffay, C., & Levontin, P., eds. 2025. Review of the state of world marine fishery resources – 2025. FAO Fisheries and Aquaculture Technical Paper, No. 721. Rome. FAO.",https://doi.org/10.4060/cd5538en,Atlantic thread herring - Gulf of Mexico USA waters,03274a56-bcba-358c-adf2-d004dc1cced9,asfis:THA+fao:31.1;fao:31.2.1,,False,,Surplus production,JABBA with FAO landings and local CPUE data series 1992-2023,B,1.97,Bmsy,0.02,Fmsy,Underexploited,,sosi_158,,SoSIndex
66,fao:31,35,"""Herrings, sardines, anchovies""",THA,Atlantic thread herring,Opisthonema oglinum,Venezuela,2023,2,O,H,yes,FAO,FAO,FAO-SoSI,"Sharma, R., Barange, M., Agostini, V., Barros, P., Gutierrez, N.L., Vasconcellos, M., Fernandez Reguera, D., Tiffay, C., & Levontin, P., eds. 2025. Review of the state of world marine fishery resources – 2025. FAO Fisheries and Aquaculture Technical Paper, No. 721. Rome. FAO.",https://doi.org/10.4060/cd5538en,Atlantic thread herring - Venezuela,1c9d886b-dfd5-37a3-9d7e-dbc8260d7ca7,asfis:THA+fao:31.6.1,,False,,Surplus production,JABBA with FAO landings and regional effort from Rousseau et al. 2019 extended to 2023,B,0.08,Bmsy,0.46,Fmsy,Overfished,,sosi_159,,SoSIndex
67,fao:31,35,"""Herrings, sardines, anchovies""",THA,Atlantic thread herring,Opisthonema oglinum,Cuba,2023,2,O,H,yes,FAO,FAO,FAO-SoSI,"Sharma, R., Barange, M., Agostini, V., Barros, P., Gutierrez, N.L., Vasconcellos, M., Fernandez Reguera, D., Tiffay, C., & Levontin, P., eds. 2025. Review of the state of world marine fishery resources – 2025. FAO Fisheries and Aquaculture Technical Paper, No. 721. Rome. FAO.",https://doi.org/10.4060/cd5538en,Atlantic thread herring - Cuba,63d13624-968d-3352-b124-7b63bf5357b9,asfis:THA+wja:CUB,,False,,Surplus production,(JABBA) with FAO landings and regional effort from Rousseau et al. 2019 extended to 2023,B,0.68,Bmsy,1.18,Fmsy,Overfished,,sosi_160,,SoSIndex
68,fao:31,43,"""Lobsters, spiny-rock lobsters""",SLC,Caribbean spiny lobster,Panulirus argus,Puerto Rico,2023,1,M,L,yes,USA-NOAA,National,FAO-FSSI,"SEDAR 2025. SEDAR 91Stock Assessment ReportUS Caribbean Spiny Lobster – Puerto Rico. North Charleston, SC. 120 pp.",https://sedarweb.org/documents/sedar-91-us-caribbean-spiny-lobster-puerto-rico-final-stock-assessment-report/,Caribbean spiny lobster Puerto Rico,8656bf11-f6df-3a08-8e28-839795513d16,asfis:SLC+nja:PRI,12532.0,False,,Integrated statistical assessment,Stock synthesis with data up to 2023,B,0.94,Bmsy,1.23,Fmsy,Maximally sustainably fished,,sosi_247,,SoSIndex
69,fao:31,43,"""Lobsters, spiny-rock lobsters""",SLC,Caribbean spiny lobster,Panulirus argus,Saint Croix,2023,1,U,L,yes,USA-NOAA,National,FAO-FSSI,"SEDAR 2025. SEDAR 91Stock Assessment ReportUS Caribbean Spiny Lobster – St. Croix. North Charleston, SC. 105 pp.",https://sedarweb.org/documents/sedar-91-us-caribbean-spiny-lobster-st-croix-final-stock-assessment-report/,Caribbean spiny lobster Saint Croix,3fc05696-3719-3233-b3be-b918260c14ee,asfis:SLC+nja:STC,12534.0,False,,Integrated statistical assessment,Stock synthesis with data up to 2024,B,2.76,Bmsy,0.14,Fmsy,Underexploited,,sosi_248,,SoSIndex
70,fao:31,43,"""Lobsters, spiny-rock lobsters""",SLC,Caribbean spiny lobster,Panulirus argus,Saint Thomas/Saint John,2023,1,U,L,yes,USA-NOAA,National,FAO-FSSI,"SEDAR 2025. SEDAR 91Stock Assessment ReportUS Caribbean Spiny Lobster – St. Thomas/ St. John. North Charleston, SC. 106 pp.",https://sedarweb.org/documents/sedar-91-us-caribbean-spiny-lobster-st-thomas-st-john-final-stock-assessment-report/,Caribbean spiny lobster Saint Thomas / Saint John,85592d2a-ff10-3264-8570-4ecc3b02d594,asfis:SLC+nja:STJ;nja:STT,12533.0,False,,Integrated statistical assessment,Stock synthesis with data up to 2025,B,1.5,Bmsy,0.4,Fmsy,Underexploited,,sosi_249,,SoSIndex
71,fao:31,43,"""Lobsters, spiny-rock lobsters""",SLC,Caribbean spiny lobster,Panulirus argus,Cuba,9999,1,O,H,no,CUB,National,FIRMS-WECAFC,"Alzugaray et al. 2018. The Caribbean spiny lobster (Panulirus argus) fishery in Cuba:current status, illegal fishing, and environmental variability. Bull Mar Sci. 94(2):393–408.",https://doi.org/10.5343/bms.2016.1126,Caribbean spiny lobster - Cuba,dfa060a1-acf1-3095-96c5-4fed8ea5ed4e,asfis:SLC+eez:CUB,,False,,Statistical catch at age,Data up to 2015,B,<0.8,Bmsy,0.6,Fmsy,Overfished,,sosi_250,,SoSIndex
72,fao:31,43,"""Lobsters, spiny-rock lobsters""",SLC,Caribbean spiny lobster,Panulirus argus,Center Caribbean stock,2023,2,U,H,yes,FAO,WECAFC,FIRMS-WECAFC,"Sharma, R., Barange, M., Agostini, V., Barros, P., Gutierrez, N.L., Vasconcellos, M., Fernandez Reguera, D., Tiffay, C., & Levontin, P., eds. 2025. Review of the state of world marine fishery resources – 2025. FAO Fisheries and Aquaculture Technical Paper, No. 721. Rome. FAO.",https://doi.org/10.4060/cd5538en,Caribbean spiny lobster - Center (from Cuba eastwards to the Greater and Lesser Antilles and southwards to Venezuela),755caa2f-f189-37c3-bff4-b13c7f9f0efa,asfis:SLC+wecafc:SLC_C,,False,,Surplus Production,"JABBA with FAO landings for the Center Caribbean (major and minor Antilles, venezuela and Colombia) with local effort data series 1973-2013",B,1.71,Bmsy,0.76,Fmsy,Underexploited,,sosi_244,,SoSIndex
73,fao:31,43,"""Lobsters, spiny-rock lobsters""",SLC,Caribbean spiny lobster,Panulirus argus,Western Caribbean stock,2023,2,M,H,yes,FAO,WECAFC,FIRMS-WECAFC,"Sharma, R., Barange, M., Agostini, V., Barros, P., Gutierrez, N.L., Vasconcellos, M., Fernandez Reguera, D., Tiffay, C., & Levontin, P., eds. 2025. Review of the state of world marine fishery resources – 2025. FAO Fisheries and Aquaculture Technical Paper, No. 721. Rome. FAO.",https://doi.org/10.4060/cd5538en,Caribbean spiny lobster - Meso (Mexico to Colombia),cf14a9d6-768d-3915-9e43-01e293650646,asfis:SLC+wecafc:SLC_S,,False,,Surplus Production,JABBA with FAO landings for the Western Caribbean (from Colombia to Mexico) wit local CPUE data series from 1990-2023,B,1.01,Bmsy,0.79,Fmsy,Maximally sustainably fished,,sosi_245,,SoSIndex
74,fao:31,43,"""Lobsters, spiny-rock lobsters""",SLC,Caribbean spiny lobster,Panulirus argus,Northern Caribbean stock,2023,2,U,H,yes,FAO,WECAFC,FIRMS-WECAFC,"Sharma, R., Barange, M., Agostini, V., Barros, P., Gutierrez, N.L., Vasconcellos, M., Fernandez Reguera, D., Tiffay, C., & Levontin, P., eds. 2025. Review of the state of world marine fishery resources – 2025. FAO Fisheries and Aquaculture Technical Paper, No. 721. Rome. FAO.",https://doi.org/10.4060/cd5538en,"Caribbean spiny lobster - North (USA, Bahamas and the Turks and Caicos islands)",4f6fee7d-d547-3f9f-acaa-53d312a12bcb,asfis:SLC+wecafc:SLC_N,,False,,Surplus Production,"JABBA with FAO landings for the Northern Caribbean (from Bahamas, continental USA and Turks and Caicos) with local effort data series from 1990-2020",B,1.66,Bmsy,0.46,Fmsy,Underexploited,,sosi_246,,SoSIndex
75,fao:31,45,"""Shrimps, prawns""",ABS,Brown shrimp,Penaeus aztecus,Area 31 USA South Atlantic,2017,1,U,M,no,USA-NOAA,National,FAO-FSSI,,https://apps-st.fisheries.noaa.gov/stocksmart?stockname=Brown%20shrimp%20-%20Southern%20Atlantic%20Coast&stockid=10080,Brown shrimp - USA South Atlantic,6948c148-ce06-3900-a997-565c46f19a47,asfis:ABS+usa_fmc:SAFMC,10080.0,False,,Abundance survey,Survey in 2017,B,6.65,Bmsy,0.34,Fmsy,Underexploited,,sosi_270a,,SoSIndex
76,fao:31,45,"""Shrimps, prawns""",ABS,Northern brown shrimp,Penaeus aztecus,USA Gulf of Mexico,2022,1,U,L,yes,USA-NOAA,National,FAO-FSSI,"SEDAR 2025. SEDAR 87. Stock Assessment Report. Gulf of America Brown Shrimp. North Charleston, SC. 277 pp.",https://sedarweb.org/documents/sedar-87-gulf-of-america-brown-shrimp-final-stock-assessment-report/,Northern brown shrimp - Gulf of Mexico USA waters,f8da143d-4b0c-3565-a639-06177cfb626b,asfis:ABS+usa_efh_gfmc:Shrimp,10079.0,False,,Integrated statistical assessment,Stock synthesis with data up to 2022,B,4.23,Bmsy,0.03,Fmsy,Underexploited,,sosi_267,,SoSIndex
77,fao:31,45,"""Shrimps, prawns""",APS,Northern pink shrimp,Penaeus duorarum,USA Gulf of Mexico,2017,1,U,M,no,USA-NOAA,National,FAO-FSSI,"Hart, R.A. 2018. Stock Assessment Update for Pink Shrimp (Farfantepenaeus duorarum) in the U.S. Gulf of Mexico for the 2017 Fishing Year. NOAA Fisheries. Southeast Fisheries Science Center. 17 pp.",,Northern pink shrimp - Gulf of Mexico USA waters,59402281-cb8f-388e-873d-4e8348926f9c,asfis:APS+lme:5,10081.0,False,,Integrated statistical assessment,Stock synthesis with data up to 2017,B,2.65,Bmsy,0.25,Fmsy,Underexploited,,sosi_272,,SoSIndex
78,fao:31,45,"""Shrimps, prawns""",APS,Pink shrimp,Penaeus duorarum,Area 31 USA South Atlantic,2017,1,U,M,no,USA-NOAA,National,FAO-FSSI,,https://apps-st.fisheries.noaa.gov/stocksmart?stockname=Pink%20shrimp%20-%20Southern%20Atlantic%20Coast&stockid=10082,Pink shrimp - USA Southern Atlantic Coast,16d96962-a177-36a0-9bf5-532565c8c2cb,asfis:APS+usa_fmc:SAFMC,10082.0,False,,Abundance survey,Survey in 2017,B,5.39,Bmsy,0.21,Fmsy,Underexploited,,sosi_273b,,SoSIndex
79,fao:31,45,"""Shrimps, prawns""",PST,White shrimp,Penaeus setiferus,Area 31 USA South Atlantic,2017,1,U,M,no,USA-NOAA,National,FAO-FSSI,,https://apps-st.fisheries.noaa.gov/stocksmart?stockname=White%20shrimp%20-%20Southern%20Atlantic%20Coast&stockid=10084,,sosi_277a,,10084.0,False,,Abundance survey,Survey in 2017,B,8.33,Bmsy,0.81,Fmsy,Underexploited,,sosi_277a,,SoSIndex
80,fao:31,45,"""Shrimps, prawns""",PST,Northern white shrimp,Penaeus setiferus,USA Gulf of Mexico,2022,1,U,L,yes,USA-NOAA,National,FAO-FSSI,"SEDAR 2025. SEDAR 87. Stock Assessment Report. Gulf of America White Shrimp. North Charleston, SC. 274 pp.",https://sedarweb.org/documents/sedar-87-gulf-of-america-white-shrimp-final-stock-assessment-report/,White shrimp Gulf of Mexico,6e2b178e-a55f-305a-8ad6-70883e5fff85,asfis:PST+usa_efh_gfmc:Shrimp,10083.0,False,,Integrated statistical assessment,Stock synthesis with data up to 2023,B,2.48,Bmsy,0.15,Fmsy,Underexploited,,sosi_275,,SoSIndex
81,fao:31,33,Miscellaneous coastal fishes,BDM,Black drum,Pogonias cromis,USA Louisiana waters,2023,1,U,L,yes,USA-Louisiana Department of Wildlife and Fisheries,National,FIRMS-WECAFC,West et al. 2025. Assessment of Black Drum Pogonias cromis in Louisiana Waters. 2025 Report. Office of Fisheries. Louisiana Department of Wildlife and Fisheries. 144 pp.,https://www.wlf.louisiana.gov/assets/Resources/Publications/Stock_Assesments/Black_Drum/Bdrum_LA_2025.pdf,Black drum - USA Louisiana waters,31070a9d-dee6-3fb7-8ff7-ebf720d18eaf,asfis:BDM+usa_sw:LA,,False,,Integrated statistical assessment,Stock synthesis with data up to 2023,B,1.8,Bmsy,0.59,Fmsy,Underexploited,,sosi_60,,SoSIndex
82,fao:31,33,Miscellaneous coastal fishes,BDM,Black drum,Pogonias cromis,Mexico Gulf of Mexico,2023,2,O,H,yes,FAO,FAO,FAO-SoSI,"Sharma, R., Barange, M., Agostini, V., Barros, P., Gutierrez, N.L., Vasconcellos, M., Fernandez Reguera, D., Tiffay, C., & Levontin, P., eds. 2025. Review of the state of world marine fishery resources – 2025. FAO Fisheries and Aquaculture Technical Paper, No. 721. Rome. FAO.",https://doi.org/10.4060/cd5538en,Black drum - Mexico (Gulf of Mexico),ccec37cc-e0ce-34dd-8dc1-f6078a281f37,asfis:BDM+fao:31.2.2,,False,,Surplus Production,JABBA with FAO landings and regional effort from Rousseau et al. 2019 extended to 2023,B,0.06,Bmsy,0.24,Fmsy,Overfished,,sosi_61,,SoSIndex
83,fao:31,33,Miscellaneous coastal fishes,RPU,Vermilion snapper,Rhomboplites aurorubens,USA Gulf of Mexico,2017,1,U,M,no,USA-NOAA,National,FAO-FSSI,"SEDAR. 2020. SEDAR 67 –Gulf of Mexico Vermillion Snapper Assessment Report. SEDAR, North Charleston SC. 199  pp",https://sedarweb.org/documents/sedar-67-gulf-of-mexico-vermilion-snapper-final-stock-assessment-report/#page=53.58,Vermilion snapper Gulf of Mexico,f19db668-32b1-308e-910f-acaa5e3bc893,asfis:RPU+usa_efh_gfmc:ReefFish,10256.0,False,,Integrated statistical assessment,Stock synthesis with data up to 2017,B,1.75,Bmsy,0.56,Fmsy,Underexploited,,sosi_87,,SoSIndex
84,fao:31,33,Miscellaneous coastal fishes,RPU,Vermilion snapper,Rhomboplites aurorubens,Area 31 - USA Southeast,2017,1,M,M,no,USA-NOAA,National,FAO-FSSI,"SEDAR. 2018. SEDAR 55 – South Atlantic Vermilion Snapper Assessment Report. SEDAR, North Charleston SC. 170 pp",https://sedarweb.org/documents/sedar-55-stock-assessment-report-south-atlantic-vermilion-snapper/,Vermilion snapper Southern Atlantic coast,1a37499b-b50d-30cc-b8f6-bc6ae342a197,asfis:RPU+usa_efh_safmc:SnapperGrouper,10257.0,False,,Statistical catch at age,Beaufort assessment model,B,1.13,Bmsy,0.61,Fmsy,Maximally sustainably fished,,sosi_88,,SoSIndex
85,fao:31,35,"""Herrings, sardines, anchovies""",SAA,Round sardinella,Sardinella aurita,Eastern Venezuela,2023,2,U,H,yes,FAO,FAO,FAO-SoSI,"Sharma, R., Barange, M., Agostini, V., Barros, P., Gutierrez, N.L., Vasconcellos, M., Fernandez Reguera, D., Tiffay, C., & Levontin, P., eds. 2025. Review of the state of world marine fishery resources – 2025. FAO Fisheries and Aquaculture Technical Paper, No. 721. Rome. FAO.",https://doi.org/10.4060/cd5538en,Round sardinella - Venezuela,0569ca8f-9834-33a2-8a4a-65306ba0c274,asfis:SAA+fao:31.6.1,,False,,Surplus production,JABBA with FAO landings and local CPUE data series 1988-2009,B,1.43,Bmsy,0.32,Fmsy,Underexploited,,sosi_164,,SoSIndex
86,fao:31,33,Miscellaneous coastal fishes,RDM,Red Drum,Sciaenops ocellatus,USA Southeast Atlantic,2022,1,O,L,yes,USA,National,FIRMS-WECAFC,ASMFC 2024. Red Drum Benchmark Stock Assessment and Peer Review Report. 457 pp.,https://asmfc.org/wp-content/uploads/2025/01/RedDrumBenchmarkStockAssmt_PeerReviewReport_2024.pdf,Red Drum - USA Southeast Atlantic,4aea902e-e807-3a27-9776-277202f97fc6,asfis:RDM+fao:31.1,,False,,Integrated statistical assessment,Stock synthesis with data up to 2022,B,0.66,Bmsy,1.7,Fmsy,Overfished,,sosi_64,,SoSIndex
87,fao:31,33,Miscellaneous coastal fishes,RDM,Red Drum,Sciaenops ocellatus,USA North west Florida,2019,1,U,M,no,USA,National,FIRMS-WECAFC,"Addis, D. 2020. The 2020 stock assessment of Red Drum, Sciaenops ocellatus, in Florida. Florida Fish and Wildlife Conservation Commission. Fish and Wildlife Research Institute. 129 pp",https://myfwc.com/media/26851/drum-assessment-2020.pdf,Red Drum - USA North west Florida,e87f87d5-034e-3a1e-abde-a65b2c537590,asfis:RDM+usa_sw:FL,,False,,Integrated statistical assessment,Stock synthesis with data up to 2019,B,2.11,Bmsy,0.7,Fmsy,Underexploited,,sosi_65,,SoSIndex
88,fao:31,33,Miscellaneous coastal fishes,RDM,Red Drum,Sciaenops ocellatus,USA South west Florida,2019,1,U,M,no,USA,National,FIRMS-WECAFC,"Addis, D. 2020. The 2020 stock assessment of Red Drum, Sciaenops ocellatus, in Florida. Florida Fish and Wildlife Conservation Commission. Fish and Wildlife Research Institute. 129 pp",https://myfwc.com/media/26851/drum-assessment-2020.pdf,Red Drum - USA South west Florida,a9de7458-2c7c-31c4-b130-a76de795c2fc,asfis:RDM+usa_sw:FL,,False,,Integrated statistical assessment,Stock synthesis with data up to 2019,B,1.6,Bmsy,0.2,Fmsy,Underexploited,,sosi_339,,SoSIndex
89,fao:31,36,"""Tunas, bonitos, billfishes""",BRS,Serra Spanish mackerel,Scomberomorus brasiliensis,"Guyana, Trinidad and Tobago, and Venezuela",2023,2,O,H,yes,FAO,FAO,FAO-SoSI,"Sharma, R., Barange, M., Agostini, V., Barros, P., Gutierrez, N.L., Vasconcellos, M., Fernandez Reguera, D., Tiffay, C., & Levontin, P., eds. 2025. Review of the state of world marine fishery resources – 2025. FAO Fisheries and Aquaculture Technical Paper, No. 721. Rome. FAO.",https://doi.org/10.4060/cd5538en,Serra Spanish mackerel - Southeastern Caribbean,2e848d5d-14ec-3221-b64b-2cde1f83ff7e,asfis:BRS+fao:31.5;fao:31.6.1,,False,,Surplus production,"JABBA with FAO landings of Venezuela, Trinidad and Tobago and Guyana and regional effort from Rousseau et al. 2019 extended to 2023",B,0.31,Bmsy,1.2,Fmsy,Overfished,,sosi_186,sdg-guy-tto-ven-1,SoSIndex
90,fao:31,36,"""Tunas, bonitos, billfishes""",KGM,King mackerel,Scomberomorus cavalla,USA Gulf of Mexico,2017,1,M,M,no,USA-NOAA,National,FAO-FSSI,"SEDAR. 2020. SEDAR 38  –Gulf of Mexico King Mackerel Update Assessment Report. SEDAR, North Charleston SC. 82 pp",https://sedarweb.org/documents/2019-update-sedar-38-update-assessment-report-gulf-of-mexico-king-mackerel/,King mackerel Gulf of Mexico,2d4200de-717b-3aec-8e63-35b9e3158f4f,asfis:KGM+usa_efh_gfmc:CoastalMigratoryPelagics,10171.0,False,,Integrated statistical assessment,Stock synthesis with data up to 2017,B,0.92,Bmsy,0.82,Fmsy,Maximally sustainably fished,,sosi_182,,SoSIndex
91,fao:31,36,"""Tunas, bonitos, billfishes""",KGM,King mackerel,Scomberomorus cavalla,Area 31 - USA Southeast,2017,1,U,M,no,USA-NOAA,National,FAO-FSSI,"SEDAR. 2020. SEDAR 38 – South Atlantic King Mackerel Stock Assessment Report. SEDAR, North Charleston SC. 66 pp",https://sedarweb.org/documents/2019-update-sedar-38-update-assessment-report-south-atlantic-king-mackerel/,King mackerel Southern Atlantic Coast,625f560b-0085-3784-8313-5f0ad86d679f,asfis:KGM+usa_efh_safmc:CoastalMigratoryPelagics,10172.0,False,,Integrated statistical assessment,Stock synthesis with data up to 2017,B,1.74,Bmsy,0.29,Fmsy,Underexploited,,sosi_183,,SoSIndex
92,fao:31,36,"""Tunas, bonitos, billfishes""",KGM,King mackerel,Scomberomorus cavalla,Dominican Republic,2023,2,O,H,yes,FAO,FAO,FAO-SoSI,"Sharma, R., Barange, M., Agostini, V., Barros, P., Gutierrez, N.L., Vasconcellos, M., Fernandez Reguera, D., Tiffay, C., & Levontin, P., eds. 2025. Review of the state of world marine fishery resources – 2025. FAO Fisheries and Aquaculture Technical Paper, No. 721. Rome. FAO.",https://doi.org/10.4060/cd5538en,King mackerel - Dominican republic,ecb963ca-feb5-3237-9a28-4ceaebf0bd78,asfis:KGM+wja:DOM,,False,,Surplus production,JABBA with FAO landings and regional effort from Rousseau et al. 2019 extended to 2023,B,0.57,Bmsy,1.05,Fmsy,Overfished,,sosi_179,,SoSIndex
93,fao:31,36,"""Tunas, bonitos, billfishes""",KGM,King mackerel,Scomberomorus cavalla,Area 31 Mexico,2023,2,O,H,yes,FAO,FAO,FAO-SoSI,"Sharma, R., Barange, M., Agostini, V., Barros, P., Gutierrez, N.L., Vasconcellos, M., Fernandez Reguera, D., Tiffay, C., & Levontin, P., eds. 2025. Review of the state of world marine fishery resources – 2025. FAO Fisheries and Aquaculture Technical Paper, No. 721. Rome. FAO.",https://doi.org/10.4060/cd5538en,King mackerel - Mexico,28a13b85-c1ac-33f7-99da-e2cbf7a421f6,asfis:KGM+fao:31.2.2,,False,,Surplus production,JABBA with FAO landings and regional effort from Rousseau et al. 2019 extended to 2023,B,0.33,Bmsy,2.9,Fmsy,Overfished,,sosi_180,,SoSIndex
94,fao:31,36,"""Tunas, bonitos, billfishes""",KGM,King mackerel,Scomberomorus cavalla,"Guyana, Trinidad and Tobago, and Venezuela",2023,2,O,H,yes,FAO,FAO,FAO-SoSI,"Sharma, R., Barange, M., Agostini, V., Barros, P., Gutierrez, N.L., Vasconcellos, M., Fernandez Reguera, D., Tiffay, C., & Levontin, P., eds. 2025. Review of the state of world marine fishery resources – 2025. FAO Fisheries and Aquaculture Technical Paper, No. 721. Rome. FAO.",https://doi.org/10.4060/cd5538en,King mackerel - Southeastern Caribbean,bd307f91-70c4-3edd-b2e6-819b718b211e,asfis:KGM+fao:31.5;fao:31.6.1,,False,,Surplus production,"JABBA with FAO landings of Venezuela, Trinidad and Tobago and Guyana and regional effort from Rousseau et al. 2019 extended to 2023",B,0.13,Bmsy,2.2,Fmsy,Overfished,,sosi_181,sdg-tto-1,SoSIndex
95,fao:31,36,"""Tunas, bonitos, billfishes""",SSM,Atlantic Spanish mackerel,Scomberomorus maculatus,USA Gulf of Mexico,2021,1,M,L,yes,USA-NOAA,National,FAO-FSSI,"SEDAR 2023. SEDAR 81Stock Assessment ReportGulf of Mexico Spanish Mackerel. North Charleston, SC. 279 pp.",https://sedarweb.org/documents/sedar-81-gulf-of-mexico-spanish-mackerel-final-stock-assessment/,Spanish mackerel Gulf of Mexico,4cc7aedd-7ce0-3f03-884a-dcf28edef77f,asfis:SSM+usa_efh_gfmc:CoastalMigratoryPelagics,10173.0,False,,Integrated statistical assessment,Stock synthesis with data up to 2021,B,0.83,Bmsy,0.95,Fmsy,Maximally sustainably fished,,sosi_172,,SoSIndex
96,fao:31,36,"""Tunas, bonitos, billfishes""",SSM,Atlantic Spanish mackerel,Scomberomorus maculatus,Area 31 USA South Atlantic,2020,1,M,L,no,USA-NOAA,National,FAO-FSSI,"SEDAR 2022b. SEDAR 78 South Atlantic Spanish Mackerel Stock Assessment Report. May 2022. Revised July 2022. North Charleston, SC. 177 pp.",https://sedarweb.org/documents/sedar-78-stock-assessment-report-south-atlantic-spanish-mackerel-revised-july-2022/,Spanish mackerel Southern Atlantic Coast,96fe1753-031b-3e64-833d-f6213f7a1763,asfis:SSM+usa_efh_safmc:CoastalMigratoryPelagics,10174.0,False,,Integrated statistical assessment,Stock synthesis with data up to 2020,B,1.05,Bmsy,0.77,Fmsy,Maximally sustainably fished,,sosi_173,,SoSIndex
97,fao:31,37,Miscellaneous pelagic fishes,AMB,Greater amberjack,Seriola dumerili,USA Gulf of Mexico,2018,1,O,M,no,USA-NOAA,National,FAO-FSSI,"SEDAR 2020. SEDAR 70. Stock Assessment Report. Gulf of Mexico Greater Amberjack. North Charleston, SC. 189 pp",https://sedarweb.org/documents/sedar-70-gulf-of-mexico-greater-amberjack-final-stock-assessment-report/,Greater amberjack Gulf of Mexico,b6cf4e2b-414d-3825-8a7e-11774c10759b,asfis:AMB+usa_efh_gfmc:ReefFish,10207.0,False,,Integrated statistical assessment,Stock synthesis with data up to 2018,B,0.34,Bmsy,1.73,Fmsy,Overfished,,sosi_205,,SoSIndex
98,fao:31,37,Miscellaneous pelagic fishes,AMB,Greater amberjack,Seriola dumerili,Area 31 USA South Atlantic,2017,1,U,M,no,USA-NOAA,National,FAO-FSSI,"SEDAR. 2020. SEDAR 59. South Atlantic Greater Amberjack Stock Assessment Report. SEDAR, North Charleston SC. 142 pp",https://sedarweb.org/documents/sedar-59-stock-assessment-report-south-atlantic-greater-amberjack/,Greater amberjack Southern Atlantic coast,f037c47a-c23f-30cb-9395-760099c023ea,asfis:AMB+usa_efh_safmc:SnapperGrouper,10208.0,False,,Statistical catch at age,Beaufort assessment model,B,2.1,Bmsy,0.4,Fmsy,Underexploited,,sosi_206,,SoSIndex
99,fao:31,36,"""Tunas, bonitos, billfishes""",BLF,Blackfin tuna,Thunnus atlanticus,Area 31 Western Central Atlantic,2023,2,U,H,yes,FAO,FAO,FAO-SoSI,"Sharma, R., Barange, M., Agostini, V., Barros, P., Gutierrez, N.L., Vasconcellos, M., Fernandez Reguera, D., Tiffay, C., & Levontin, P., eds. 2025. Review of the state of world marine fishery resources – 2025. FAO Fisheries and Aquaculture Technical Paper, No. 721. Rome. FAO.",https://doi.org/10.4060/cd5538en,Blackfin tuna - Western Tropical Atlantic,ce9b02de-6247-3577-b6c4-bbb620959746,asfis:BLF+fao:31,,False,,Surplus production,"JABBA with FAO landings for Area 31, USA recreational harvest in Area 31 and local fishing effort data series 1990-2015",B,1.76,Bmsy,0.22,Fmsy,Underexploited,,sosi_195,,SoSIndex
100,fao:31,36,"""Tunas, bonitos, billfishes""",SWO,Swordfish,Xiphias gladius,Area 31 North Atlantic,2020,1,M,L,no,ICCAT,ICCAT,FIRMS-ICCAT,"ICCAT 2022b. REPORT OF THE 2022 ICCAT ATLANTIC SWORDFISH STOCK ASSESSMENT. (Online, 20-28 June 2022). Collect. Vol. Sci. Pap. ICCAT, 79(2): 392-564",https://iccat.int/Documents/SCRS/DetRep/SWO_SA_ENG.pdf,Swordfish - North Atlantic,45545253-1c9b-3223-b87a-bbd07b630890,asfis:SWO+iccat:SWO_N,,False,,Surplus production and integrated statistical model,JABBA and Stock synthesis with data up to 2020,B,1.08,Bmsy,0.8,Fmsy,Maximally sustainably fished,,sosi_198,,SoSIndex
101,fao:31,45,"""Shrimps, prawns""",BOB,Atlantic seabob,Xiphopenaeus kroyeri,Suriname,2023,1,M,L,yes,CRFM,CRFM,FIRMS-WECAFC,CRFM 2025. Report of the CRFM Continental Shelf Fisheries Working Group (CSWG): Intersessional Activities of April 2024 – March 2025 & Consultation with Suriname Seabob Working Group and Seabob Fishery Stakeholders of 04 April 2025. CRFM Fishery Report – 2025/1. 23p.,https://drive.google.com/file/d/1oqrvjAvnTeC4Yo3NH9sqtGJTZdKnA66v/view,Atlantic seabob - Surinamese,2fbcf725-1eac-3060-b94e-cdfabad2f8ea,asfis:BOB+wja:SUR,,False,,Statistical catch at age,Bayesian catch at age model with data up to 2023,B,0.91,Bmsy,0.18,Fmsy,Maximally sustainably fished,,sosi_263,,SoSIndex
102,fao:31,45,"""Shrimps, prawns""",BOB,Atlantic seabob,Xiphopenaeus kroyeri,Guyana,2022,1,M,M,yes,CRFM,CRFM,FIRMS-WECAFC,"CRFM 2024. Report of Meeting of CRFM Continental Shelf Fisheries Working Group (CRFM-CSWG). on Atlantic Seabob, Xiphopenaeus kroyeri, fisheries of Guyana and Suriname, 02-03 September 2024. CRFM Fishery Report – 2024/2. 22p.",https://drive.google.com/file/d/1L0g8NVYZLxNK5C1qD40qq1sKP-Nv2nvy/view,Atlantic seabob - Guyanese,ade85db9-8750-3370-93ec-e7f37eebe81a,asfis:BOB+wja:GUY,,False,,Statistical catch at age,Bayesian catch at age model with data up to 2022,B,1.1,Bmsy,0.5,Fmsy,Maximally sustainably fished,,sosi_264,sdg-guy-1,SoSIndex
103,fao:31,31,"""Flounders, halibuts, soles""",YSH,Southern flounder,Paralichthys lethostigma,USA Louisiana state,2023,1,M,L,new,USA-NOAA,National,,West et al. 2025. Assessment of Southern Flounder Paralichthys lethostigma in Louisiana Waters. 2025 Report. 129 pp.,https://www.wlf.louisiana.gov/assets/Resources/Publications/Stock_Assesments/Southern_Flounder/Sflounder_LA_2025.pdf,,,,,False,,Integrated statistical assessment,Stock synthesis with data up to 2023,B,0.97,Bspr35,0.34,Fspr35,Maximally sustainably fished,,,,
104,fao:31,33,Miscellaneous coastal fishes,EEL,Yellowedge grouper,Hyporthodus flavolimbatus,USA Gulf of Mexico,2021,1,U,L,new,USA-NOAA,National,,"SEDAR 2023. SEDAR 85. Stock Assessment Report. Gulf of Mexico Yellowedge Grouper. North Charleston, SC. 293 pp.",https://sedarweb.org/documents/sedar-85-gulf-of-mexico-yellowedge-grouper-final-stock-assessment-report/,,,,,False,,Integrated statistical assessment,Stock synthesis with data up to 2024,B,1.74,Bmsy,0.77,Fmsy,Underexploited,,,,
105,fao:31,33,Miscellaneous coastal fishes,SWF,Spotted weakfish,Cynoscion nebulosus,USA Florida east coast,2023,1,U,L,new,USA,National,,"Addis, D. et al. 2025. The 2024 stock assessment of Spotted Seatrout, Cynoscion nebulosus, in Florida. Florida Fish and Wildlife Conservation Commission. Florida Fish and Wildlife Research Institute, St. Petersburgh, FL. 179 pp",https://myfwc.com/media/egkmi3c5/seatrout-assessment-2024.pdf,,,,,False,,Integrated statistical assessment,Stock synthesis with data up to 2023,B,1.29,Bspr35,0.31,Fspr35,Underexploited,,,,
106,fao:31,33,Miscellaneous coastal fishes,SWF,Spotted weakfish,Cynoscion nebulosus,USA Florida west coast,2023,1,U,L,new,USA,National,,"Addis, D. et al. 2025. The 2024 stock assessment of Spotted Seatrout, Cynoscion nebulosus, in Florida. Florida Fish and Wildlife Conservation Commission. Florida Fish and Wildlife Research Institute, St. Petersburgh, FL. 179 pp",https://myfwc.com/media/egkmi3c5/seatrout-assessment-2024.pdf,,,,,False,,Integrated statistical assessment,Stock synthesis with data up to 2023,B,1.54,Bspr35,0.33,Fspr35,Underexploited,,,,
107,fao:31,37,Miscellaneous pelagic fishes,CBA,Cobia,Rachycentron canadum,Area 31 - USA Atlantic coast,2017,1,U,M,new,USA-NOAA,National,,SEDAR 2020. SEDAR 58. Atlantic Cobia. Stock Assessment Report. North Charleston SC. 500 pp.,,,,,,False,,Statistical catch at age,Beaufort assessment model,B,1.94,Bmsy,0.18,Fmsy,Underexploited,,,,
108,fao:31,38,"""Sharks, rays, chimaeras""",SPL,Scalloped hammerhead,Sphyrna lewini,Area 31 - Western Atlantic,2019,1,U,M,new,USA-NOAA,National,,SEDAR 2024. SEDAR 77. Stock Assessment Report. HMS Hammerhead Sharks. North Charleston SC. 900 pp.,https://sedarweb.org/documents/sedar-77-hms-hammerhead-sharks-final-stock-assessment-report/,,,,,False,,Integrated statistical assessment,Stock synthesis with data up to 2019,B,1.26,Bmsy,0.19,Fmsy,Underexploited,,,,
109,fao:31,38,"""Sharks, rays, chimaeras""",SPK,Great hammerhead,Sphyrna mokarran,Area 31 - Western Atlantic,2019,1,O,M,new,USA-NOAA,National,,SEDAR 2024. SEDAR 77. Stock Assessment Report. HMS Hammerhead Sharks. North Charleston SC. 900 pp.,https://sedarweb.org/documents/sedar-77-hms-hammerhead-sharks-final-stock-assessment-report/,,,,,False,,Surplus production,JABBA with data up to 2019,B,0.28,Bmsy,0.34,Fmsy,Overfished,,,,
110,fao:31,38,"""Sharks, rays, chimaeras""",SPZ,Smooth hammerhead,Sphyrna zygaena,Area 31 - Western Atlantic,2021,1,O,L,new,USA-NOAA,National,,SEDAR 2024. SEDAR 77. Stock Assessment Report. HMS Hammerhead Sharks. North Charleston SC. 900 pp.,https://sedarweb.org/documents/sedar-77-hms-hammerhead-sharks-final-stock-assessment-report/,,,,,False,,Integrated statistical assessment,Simple stock synthesis with data up tp 2021,B,0.45,Bmsy,,Fmsy,Overfished,,,,
